{
  "stenosis_thresholds": [
    1.9346938775510203,
    1.0,
    0.1683673469387755
  ],
  "stenosis_class_names": [
    "Healthy",
    "Non-significant",
    "Significant"
  ],
  "val_macro_f1_baseline": 0.1265206812652068,
  "val_macro_f1_calibrated": 0.46676861673282577,
  "val_prediction_distribution": {
    "Healthy": 150,
    "Significant": 294
  },
  "val_calibrated_metrics": {
    "acc": 0.5878378378378378,
    "prec": 0.38952380952380955,
    "recall": 0.5826585695006747,
    "f1": 0.46676861673282577,
    "spec": 0.7810869229581597
  },
  "checkpoint": [
    "checkpoints_v6_finetune/best_model.pth",
    "checkpoints_v7_finetune/final_model.pth"
  ],
  "pattern": "fine_tuning",
  "grid_steps": 50,
  "plaque_thresholds": [
    4.166666666666666,
    1.59375,
    0.61875
  ],
  "plaque_class_names": [
    "Calcified",
    "Non-calcified",
    "Mixed"
  ],
  "val_plaque_macro_f1_baseline": 0.25603864734299514,
  "val_plaque_macro_f1_calibrated": 0.525726399374471
}