{
  "stenosis_thresholds": [
    1.993877551020408,
    1.0,
    0.1683673469387755
  ],
  "stenosis_class_names": [
    "Healthy",
    "Non-significant",
    "Significant"
  ],
  "val_macro_f1_baseline": 0.14477971384048732,
  "val_macro_f1_calibrated": 0.4686609686609686,
  "val_prediction_distribution": {
    "Healthy": 166,
    "Significant": 278
  },
  "val_calibrated_metrics": {
    "acc": 0.5923423423423423,
    "prec": 0.38815694432405884,
    "recall": 0.591970310391363,
    "f1": 0.4686609686609686,
    "spec": 0.7876949204878801
  },
  "checkpoint": "./checkpoints_v7_finetune/final_model.pth",
  "pattern": "fine_tuning",
  "grid_steps": 50,
  "plaque_thresholds": [
    1.4166666666666665,
    0.7812500000000001,
    1.1875
  ],
  "plaque_class_names": [
    "Calcified",
    "Non-calcified",
    "Mixed"
  ],
  "val_plaque_macro_f1_baseline": 0.3493261455525607,
  "val_plaque_macro_f1_calibrated": 0.5044935129317127
}