{
  "timestamp": "2026-02-25T15:44:22.279052",
  "checkpoint": "./checkpoints_v2/checkpoint_epoch_139.pth",
  "pattern": "pre_training",
  "tta": false,
  "tta_k": null,
  "ensemble": false,
  "num_ensemble_models": 1,
  "stenosis_metrics": {
    "acc": 0.7022556390977444,
    "prec": 0.3511278195488722,
    "recall": 0.5,
    "f1": 0.4125441696113074,
    "spec": 0.6666666666666666
  },
  "plaque_metrics": {
    "acc": 0.4860813704496788,
    "prec": 0.16202712348322626,
    "recall": 0.3333333333333333,
    "f1": 0.21805955811719502,
    "spec": 0.6666666666666666
  },
  "sc_metrics": {
    "acc": 0.8476033834586466,
    "total_points": 21280.0,
    "correct_points": 18037.0
  }
}